Date,Ticker,Sector,Action,Weight_pct,Target_dollar,Shares_whole,Price,Combined_score,Momentum_pct,Regime_alpha,Realized_vol_pct,Regime,Spread_bps,10Y_yield,2Y_yield,FedFunds
2026-03-25,XLE,Energy,BUY,18.07,1806.82,29,60.57,0.8158,27.01,1.0,16.56,bull_steep,49.0,4.39,3.9,3.64
2026-03-25,XLI,Industrials,BUY,18.0,1799.65,10,165.1,0.8454,31.72,0.5,17.22,bull_steep,49.0,4.39,3.9,3.64
2026-03-25,XLU,Utilities,BUY,12.48,1248.19,27,45.25,0.6046,23.94,-0.5,17.76,bull_steep,49.0,4.39,3.9,3.64
2026-03-25,XLK,Technology,BUY,9.85,985.24,7,136.76,0.575,23.82,0.0,21.4,bull_steep,49.0,4.39,3.9,3.64
2026-03-25,XLB,Materials,BUY,9.7,970.0,19,49.41,0.5454,22.74,0.5,20.62,bull_steep,49.0,4.39,3.9,3.64
2026-03-25,XLP,Consumer Staples,BUY,9.58,958.32,11,81.51,0.3796,11.3,-0.5,14.52,bull_steep,49.0,4.39,3.9,3.64
2026-03-25,XLV,Healthcare,BUY,8.36,835.8,5,146.24,0.35,9.46,0.0,15.35,bull_steep,49.0,4.39,3.9,3.64
2026-03-25,XLF,Financials,BUY,7.11,711.1,14,49.34,0.2908,-0.07,1.0,15.0,bull_steep,49.0,4.39,3.9,3.64
2026-03-25,XLRE,Real Estate,BUY,6.85,684.89,17,40.27,0.275,5.1,0.0,14.72,bull_steep,49.0,4.39,3.9,3.64
